,Expected Payout,Max Drawdown,Win/Loss Ratio,Final Portfolio Value
0,-0.13950215925081275,-22150.0,1.0993404675751277,-14075.0
